x_pos, y_pos, orientation, steering_angle, speed
11.0299, 10.8643, 0.115047, 0.25, 1.93
11.7215, 11.7539, 0.242286, 0.338316, 2.10779
12.2968, 11.4215, 0.333942, 0.362143, 2.58346
12.1907, 11.655, 0.472177, 0.301453, 2.3676
12.2436, 12.047, 0.558632, 0.374761, 2.84601
12.6247, 12.123, 0.600168, 0.360539, 2.40697
12.8011, 11.6677, 0.667723, 0.374234, 2.76108
13.3607, 12.7183, 0.784101, 0.307853, 2.51496
13.1608, 12.7011, 0.813016, 0.389125, 2.9524
13.3998, 13.1438, 0.924758, 0.353006, 2.84235
13.3078, 12.6377, 0.978006, 0.305483, 2.72847
14.034, 13.1997, 1.0487, 0.366036, 2.99803
13.486, 13.056, 1.16921, 0.378176, 2.57711
13.577, 13.4882, 1.30462, 0.341299, 2.80013
13.8395, 14.2173, 1.32275, 0.36324, 2.39054
14.3303, 13.8651, 1.42693, 0.344809, 2.7583
14.5857, 13.8509, 1.53021, 0.395917, 3.15585
14.5968, 14.0457, 1.56662, 0.359068, 3.2947
14.0967, 14.8631, 1.70284, 0.400593, 2.72673
13.8783, 14.7851, 1.79306, 0.36338, 2.74126
14.6605, 15.474, 1.86578, 0.405163, 3.0351
13.6782, 16.0054, 1.93352, 0.397421, 3.30748
14.0926, 15.8628, 2.01651, 0.329156, 3.28029
13.8808, 16.1995, 2.18781, 0.368726, 2.63889
13.7463, 16.0738, 2.20133, 0.399884, 3.42601
13.906, 16.8088, 2.33886, 0.422377, 2.75764
13.7105, 16.7723, 2.45243, 0.364898, 3.35621
13.5103, 16.4629, 2.51064, 0.42595, 2.76346
12.9456, 17.2643, 2.60325, 0.429727, 2.55991
12.6378, 17.406, 2.76099, 0.422155, 2.68119
12.6137, 17.3235, 2.84198, 0.374531, 2.71648
12.4259, 17.3892, 2.8942, 0.355614, 3.09171
12.5186, 17.8792, 3.02671, 0.425979, 2.96862
11.9879, 17.9854, 3.08942, 0.388873, 3.2092
11.4727, 17.2271, -3.022, 0.409879, 3.01807
11.8664, 17.2145, -2.68969, 0.539064, 2.97527
11.0462, 17.3119, -2.45796, 0.589094, 3.38494
10.5908, 17.3703, -2.32542, 0.608465, 3.61154
10.6352, 16.8003, -2.09948, 0.565177, 2.87186
10.5058, 16.6245, -1.95393, 0.616164, 2.98661
10.9139, 15.9791, -1.74496, 0.569403, 2.83482
10.5323, 15.721, -1.57952, 0.581643, 2.88918
10.4714, 16.2624, -1.29644, 0.613606, 2.88585
11.2438, 15.3808, -1.1588, 0.547139, 3.54843
11.3533, 15.883, -0.963093, 0.598847, 3.18686
11.571, 14.7559, -0.681429, 0.593927, 3.61996
11.6251, 15.3475, -0.539452, 0.596178, 3.76146
11.2987, 14.9764, -0.300461, 0.640327, 2.93402
11.7378, 14.6593, -0.0362057, 0.594837, 3.28774
12.5034, 14.7845, 0.108203, 0.57621, 2.94436
12.1855, 14.4649, 0.310133, 0.566596, 3.63108
12.4667, 14.7727, 0.570986, 0.605898, 3.13789
12.8834, 15.4039, 0.805934, 0.627343, 3.70781
13.4558, 15.2441, 1.02017, 0.590172, 3.15739
13.0466, 15.6355, 1.18217, 0.658748, 3.71827
13.6383, 16.264, 1.39699, 0.602425, 3.26604
13.9917, 16.2131, 1.63236, 0.611453, 3.56979
13.8015, 17.223, 1.82287, 0.659111, 3.95154
13.679, 17.2957, 2.05852, 0.648737, 3.92673
13.8912, 17.1232, 2.3054, 0.607999, 3.45851
13.6519, 17.9425, 2.51738, 0.585407, 3.43124
12.5882, 17.7614, 2.72333, 0.650703, 3.26339
13.093, 17.5626, 2.96416, 0.582236, 3.6807
12.0207, 17.8565, 3.10456, 0.581313, 3.97789
11.6652, 17.4974, -2.92615, 0.58027, 3.34703
12.794, 18.2114, 0.485973, -0.959524, 3.20517
12.9493, 18.25, 0.0572002, -0.824752, 3.21401
13.1707, 18.4353, -0.185065, -0.74788, 3.73932
13.4148, 18.318, -0.472144, -0.661912, 4.13826
14.3061, 18.1914, -0.758371, -0.705879, 3.93029
14.4416, 18.1272, -1.06935, -0.671985, 3.45839
14.8381, 17.7227, -1.41364, -0.638091, 3.37853
14.8592, 17.8981, -1.7049, -0.714153, 3.34595
14.6191, 16.8958, -1.99205, -0.692336, 3.80807
14.5774, 16.4724, -2.27487, -0.619878, 4.00736
14.1514, 16.7249, -2.62491, -0.704684, 3.72215
13.8769, 16.9727, -2.96598, -0.655549, 3.52473
13.4354, 16.2082, 2.98443, -0.698612, 3.85986
12.7474, 16.6723, 2.9059, -0.645497, 3.32944
12.2496, 16.8854, 2.79578, -0.611984, 3.96518
12.2333, 17.2557, 2.29893, -0.545631, 3.88815
12.7467, 17.0379, 2.07814, -0.64752, 3.79859
11.733, 17.3541, 1.71515, -0.599128, 4.23362
12.2524, 18.0576, 1.43742, -0.592827, 3.6568
11.8478, 18.1992, 1.14558, -0.60039, 3.87098
12.9571, 18.0683, 0.796644, -0.63459, 4.37056
12.9129, 19.1653, 0.506096, -0.614334, 3.95652
13.7009, 19.1373, 0.227334, -0.588161, 3.74908
13.4906, 19.0199, -0.106721, -0.641383, 4.07479
13.5329, 18.6212, -0.370115, -0.646293, 3.97806
14.3615, 18.1723, -0.696433, -0.57349, 4.5058
14.4919, 18.2595, -1.01124, -0.556379, 3.58235
14.2266, 18.3582, -1.24087, -0.547958, 4.14556
14.7908, 17.5558, -1.55004, -0.530261, 4.4939
14.3989, 17.1122, -1.82539, -0.520772, 4.0952
14.7413, 17.3557, -2.05407, -0.574142, 3.97226
14.6525, 16.2417, -2.3373, -0.590031, 4.12154
14.4875, 16.6925, -2.60686, -0.575188, 4.59795
13.691, 16.3576, -2.87609, -0.592456, 4.49657
13.2867, 16.3256, 3.11928, -0.53236, 4.02307
13.1684, 16.2677, 2.88452, -0.538162, 3.92561
12.8394, 16.6474, 2.81795, -0.622685, 3.93519
12.8874, 16.7433, 2.4795, -0.586924, 4.59346
11.9742, 16.6408, 2.15449, -0.589285, 4.40266
11.6332, 17.3543, 1.78894, -0.568161, 3.74668
12.0274, 17.4401, 1.49601, -0.566195, 4.27042
12.4675, 17.8571, 1.19787, -0.625268, 4.24006
12.6365, 18.4119, 0.808623, -0.618944, 4.71901
12.8503, 18.4293, 0.498228, -0.569852, 3.96451
13.2254, 18.4135, 0.157018, -0.608135, 4.6235
13.1977, 18.9868, -0.079621, -0.587575, 4.41364
13.8971, 18.403, -0.44339, -0.551117, 4.76413
14.2161, 18.6343, -0.78589, -0.575732, 4.47642
14.27, 17.7322, -1.0859, -0.51875, 4.30681
14.2942, 17.8774, -1.32273, -0.523461, 4.40133
15.0971, 17.6249, -1.61092, -0.567475, 4.33594
15.0915, 17.347, -1.90459, -0.510119, 4.54761
14.168, 16.891, -2.16457, -0.581254, 4.58445
13.9053, 16.2997, -2.50731, -0.50171, 4.75277
13.6803, 16.3198, -2.848, -0.548206, 4.61726
13.6409, 16.702, 3.18726, -0.4883, 4.74586
13.2189, 15.8442, 3.00185, -0.552626, 4.53824
12.5292, 16.1866, 2.83224, -0.585458, 4.99473
12.7634, 16.3679, 2.52088, -0.585388, 4.67482
12.3233, 17.0332, 2.24414, -0.568518, 4.43191
11.6093, 16.8955, 1.91771, -0.499503, 4.43099
12.2733, 17.2007, 1.69872, -0.439522, 4.30031
11.3439, 17.6979, 1.53899, -0.416111, 4.18508
11.8028, 18.615, 1.29333, -0.458255, 4.84895
12.257, 18.3472, 1.05317, -0.399494, 5.02701
12.3142, 18.5968, 0.767595, -0.439805, 4.27843
12.9208, 19.3666, 0.495398, -0.381753, 4.3239
13.0332, 19.4576, 0.267214, -0.470724, 4.40322
13.2573, 19.6477, 0.0563745, -0.42992, 4.3428
13.6929, 19.3213, -0.256666, -0.416712, 4.78903
14.197, 19.7188, -0.427298, -0.434322, 4.43928
14.4773, 19.4314, -0.711805, -0.439637, 4.43656
15.0284, 19.2427, -0.91941, -0.396506, 5.20261
15.8242, 18.4832, -1.15242, -0.410397, 4.44334
15.2574, 18.3363, -1.32757, -0.423782, 5.06004
16.0466, 17.3107, -1.62431, -0.421578, 5.2737
15.3041, 17.1342, -1.79076, -0.36505, 5.27602
15.5004, 16.6907, -2.04126, -0.352452, 4.64594
15.6392, 15.9978, -2.21466, -0.358912, 4.764
15.0589, 16.1333, -2.50562, -0.342731, 4.71559
14.0909, 16.0809, -2.72228, -0.391404, 5.27431
14.4931, 15.9962, -2.93651, -0.414578, 4.50237
13.6709, 15.9523, 3.09613, -0.378721, 4.51182
13.7108, 15.5169, 3.124, -0.410073, 5.11877
12.6099, 15.6071, 3.08767, -0.332418, 5.27432
12.558, 15.447, 3.06424, -0.324419, 5.1876
11.6533, 14.8321, 3.01884, -0.338398, 5.46643
11.8063, 14.7878, 3.00916, -0.300676, 5.25564
10.8478, 14.7755, 3.02388, -0.295409, 5.27556
11.1012, 14.5918, 3.07366, -0.240703, 5.07755
9.98912, 14.8679, 3.11119, -0.207054, 4.81062
9.70984, 14.2293, 3.12011, -0.233663, 4.91698
8.83884, 14.3492, 3.17, -0.191615, 5.46628
8.74488, 14.403, -3.01132, -0.238683, 5.25444
8.70463, 14.0721, 3.11629, -0.227993, 4.89444
8.14662, 13.7404, 3.12276, -0.199191, 4.87125
7.55014, 14.0023, 3.20427, -0.230213, 5.42749
7.22293, 13.3563, -3.08826, -0.202466, 5.22175
6.39622, 13.2599, 3.14808, -0.151247, 4.76837
6.56869, 13.2308, 3.15801, -0.142443, 5.05132
6.13773, 13.7617, -3.04483, -0.134817, 4.87183
5.22127, 13.5997, 3.14899, -0.121859, 4.78545
4.33549, 12.9174, 3.16061, -0.114051, 5.11846
3.76285, 13.3595, -3.00517, -0.166561, 5.55286
3.40746, 12.9838, 3.16932, -0.133459, 5.43979
3.25163, 12.683, -3.06443, -0.177023, 5.11348
2.52001, 13.2887, 3.0964, -0.186134, 5.59381
2.70467, 12.9017, 3.11224, -0.171405, 4.96159
1.91453, 13.1477, -3.09416, -0.168175, 4.86646
1.06418, 12.5715, 3.09668, -0.166312, 5.70711
0.519139, 13.0597, -3.0872, -0.132903, 5.08723
0.791202, 12.6577, 3.1185, -0.149296, 5.21482
0.204639, 12.1919, 3.1456, -0.0307478, 4.96537
-0.0633344, 13.4282, 2.47399, -0.438087, 5.72453
-0.584651, 13.3673, 2.26535, -0.379174, 5.79119
-1.26786, 14.1007, 1.9794, -0.365324, 5.57906
-1.12472, 14.6194, 1.73911, -0.357084, 5.83217
-0.867233, 14.6457, 1.47179, -0.374105, 5.14463
-0.801843, 15.017, 1.20589, -0.38763, 5.26345
-0.998949, 15.7039, 0.984679, -0.413363, 5.38636
-0.310351, 15.884, 0.706432, -0.345773, 5.32289
0.381917, 16.1847, 0.406666, -0.368526, 5.93806
0.354812, 16.2674, 0.131377, -0.351022, 5.62446
0.726824, 16.339, -0.106001, -0.421075, 5.68662
2.1372, 16.2592, -0.33825, -0.33103, 5.84889
2.17984, 16.2242, -0.652355, -0.334919, 5.56054
3.05847, 16.2585, -0.89836, -0.378871, 5.95836
3.32052, 15.7195, -1.03067, -0.378088, 5.52883
3.52501, 15.2528, -1.24544, -0.318134, 5.89279
3.29872, 14.1389, -1.53521, -0.32737, 5.93696
3.73905, 14.2642, -1.71969, -0.311237, 5.33218
3.30631, 13.204, -1.93533, -0.283516, 5.36422
3.33959, 13.23, -2.11727, -0.307094, 6.00826
2.8252, 12.5005, -2.39748, -0.303165, 6.28062
2.4953, 11.8462, -2.54427, -0.330101, 5.55183
2.1221, 11.8328, -2.73358, -0.306642, 5.55856
1.2715, 12.2314, -2.96923, -0.305892, 5.96435
0.761649, 12.1438, 3.0136, -0.291745, 5.89346
0.12236, 11.9418, 2.97872, -0.248612, 5.5588
-0.369815, 11.9662, 2.976, -0.264183, 5.90373
-0.789576, 12.3157, 2.7716, -0.301007, 6.13054
-1.52429, 12.1072, 2.59734, -0.241402, 6.14486
-1.5251, 12.9712, 2.41685, -0.283588, 5.86812
-1.95527, 13.0904, 2.21309, -0.269975, 6.16322
-2.73191, 13.7009, 2.00394, -0.266439, 5.61751
-3.06766, 13.712, 1.86685, -0.207004, 6.14504
-2.25534, 14.5428, 1.6523, -0.232438, 6.27801
-2.28016, 15.2198, 1.42927, -0.19752, 6.24619
-2.52152, 16.0808, 1.26387, -0.241627, 6.1836
-2.12316, 16.0652, 1.0642, -0.242022, 5.86885
-1.38094, 17.219, 0.907645, -0.193926, 5.9716
-1.25973, 17.0151, 0.660447, -0.280943, 6.531
-1.16563, 17.4255, 0.469208, -0.240833, 6.02506
-0.221836, 18.2837, 0.329172, -0.247898, 6.02017
0.868744, 17.9817, 0.151506, -0.219226, 6.63699
1.1976, 18.0941, -0.0618506, -0.230829, 5.97485
1.9902, 18.1948, -0.136, -0.182956, 6.15821
2.1877, 18.174, -0.341339, -0.240622, 6.00748
2.80738, 17.1676, -0.443203, -0.182243, 6.42867
3.26239, 17.0984, -0.535905, -0.134914, 6.70425
3.7754, 17.1803, -0.67595, -0.205374, 6.60706
4.61543, 16.274, -0.842886, -0.177225, 5.91418
4.75115, 16.4264, -0.933833, -0.136774, 5.99004
5.20635, 15.2496, -1.06718, -0.0982289, 5.90519
5.50678, 14.8983, -1.16821, -0.137506, 5.95949
5.24486, 14.189, -1.25236, -0.0989648, 6.76438
5.94469, 14.1663, -1.3139, -0.142215, 6.17472
5.68386, 13.8245, -1.40956, -0.076734, 6.34332
5.93569, 12.5301, -1.52456, -0.153731, 6.87573
6.26368, 12.1353, -1.60167, -0.148417, 6.26733
5.97177, 12.0333, -1.73194, -0.124052, 6.22716
5.46677, 11.2763, -1.81531, -0.124339, 6.09353
5.8966, 10.171, -1.8964, -0.0551661, 6.39605
4.97251, 9.56999, -1.92645, -0.0685905, 6.93946
4.92149, 8.88596, -2.09325, -0.0834229, 6.94087
4.41976, 9.1609, -2.09479, -0.128098, 6.28126
4.58072, 8.07236, -2.26268, -0.130905, 6.50743
4.45818, 8.31345, -2.31739, -0.0498305, 6.63118
3.92576, 7.62248, -2.43392, -0.0418685, 6.20642
3.31574, 6.87903, -2.51769, -0.101727, 6.9782
2.85567, 7.19253, -2.54696, -0.040847, 6.64589
1.90516, 6.64783, -2.71874, -0.132461, 7.01105
1.07333, 6.3, -2.79125, -0.0739035, 6.98913
0.414422, 6.00323, -2.90665, -0.0608252, 6.42663
0.545173, 6.29838, -2.9956, -0.0362179, 6.63531
-0.401353, 5.99883, -3.08839, -0.0372261, 6.81834
-0.9415, 5.77639, 3.09125, -0.104695, 6.93805
-2.17047, 5.39815, -3.09518, -0.0287664, 6.61369
-2.67879, 5.51423, 3.13579, -0.0413914, 6.81648
-2.83767, 5.60708, -3.01655, -0.0819949, 6.67784
-3.53947, 6.00227, 3.11895, -0.0517796, 6.91995
-4.76164, 4.99283, -3.00139, -0.00797644, 6.37254
-5.29369, 5.77278, -3.12156, -0.0719615, 6.39515
-5.67214, 5.68814, 3.09086, -0.00885166, 7.12857
-6.29597, 4.69318, -3.05038, -0.0642363, 7.24763
-6.42665, 5.19101, 3.21542, -0.0225665, 6.93618
-7.7943, 4.92366, -3.01636, -0.0216684, 6.48495
-8.63746, 5.33724, -3.04267, -0.0374501, 6.63795
-9.16897, 5.2401, 3.17532, -0.0325695, 6.9765
-9.80823, 4.5943, -3.03404, -0.0313481, 6.62758
-10.577, 4.5071, -3.04344, 0.0219148, 7.11408
-10.805, 4.27603, 3.2176, -0.0124521, 7.43635
-11.8087, 4.66609, -2.9968, 0.0257947, 7.10916
-12.6861, 4.6825, -3.06835, -0.0476449, 6.9393
-13.1224, 4.3503, -3.11078, -0.0442645, 7.4437
-13.7775, 4.59605, 3.19342, -0.0317903, 7.08341
-13.7713, 3.9698, -3.03133, -0.0234389, 7.4626
-14.3975, 4.39228, -3.059, 0.0285554, 6.77993
-15.6304, 4.11079, -3.04254, 0.0242163, 7.26457
-15.7367, 4.60035, 3.21312, -0.0209747, 6.78557
-17.0705, 3.78327, -2.98122, -0.00341246, 7.37155
-17.601, 4.2845, -2.99948, 0.00946858, 7.63506
-18.3418, 3.64795, -3.08498, 0.0246714, 7.05631
-18.8441, 3.67318, -3.06699, -0.0118173, 7.17775
-19.3832, 3.88416, 3.22478, -0.0200089, 7.57253
-20.7568, 3.82327, -2.9857, -0.0143404, 6.93093
-21.0916, 3.90142, -3.01991, 0.0284373, 7.07705
-21.4978, 4.06697, -3.04907, 0.0434648, 6.97727
-22.2463, 3.6092, -3.07363, -0.000356356, 7.55375
-22.743, 3.99129, -3.07708, 0.0322252, 7.76853
-23.2379, 3.16043, -3.1063, 0.0574217, 7.54946
-24.1386, 3.47452, -3.08096, 0.000826033, 7.70173
-25.5896, 3.99028, -3.03634, 0.0525597, 7.29861
-25.9141, 3.70577, -3.07407, 0.0385091, 7.64279
-26.9502, 3.71427, -3.0901, 0.0125063, 7.427
-27.2174, 3.3704, -3.0251, 0.0452062, 7.60378
-27.5731, 3.07159, -3.05537, 0.0980548, 7.88507
-28.6615, 3.08767, -3.05067, 0.0224535, 7.61424
-29.6525, 3.28702, -3.04858, 0.093167, 7.2941
-29.6209, 3.11987, -3.03087, 0.027735, 7.26338
-30.5756, 3.73964, -2.955, 0.0486854, 7.42064
-31.0785, 3.74989, -3.02526, 0.0223327, 8.03315
-31.7991, 2.91947, -2.98562, 0.0550507, 8.06473
-32.4115, 2.73423, -2.93129, 0.11711, 7.53616
-33.3968, 3.48505, -2.90008, 0.0517261, 7.90953
-34.23, 3.03478, -2.85032, 0.115085, 7.62463
-34.742, 2.37213, -2.82367, 0.0601934, 7.75981
-35.3844, 2.01304, -2.81728, 0.1113, 7.50876
-36.8073, 2.13285, -2.79665, 0.114397, 8.17909
-37.0485, 2.07346, -2.7572, 0.107415, 7.57081
-38.1823, 1.5088, -2.68348, 0.130891, 8.21166
-38.2625, 1.27605, -2.628, 0.0538778, 8.08302
-39.3998, 1.45183, -2.56129, 0.0541272, 8.26899
-40.107, 0.529027, -2.49669, 0.0847943, 8.11967
-40.4821, -0.00547409, -2.50147, 0.105121, 8.10506
-40.7817, 0.255665, -2.49302, 0.116581, 8.29937
-41.8453, -0.774854, -2.34601, 0.0812246, 7.49842
-41.911, -1.41165, -2.33675, 0.0908522, 7.69131
-42.335, -1.62465, -2.30211, 0.121581, 7.4208
-42.961, -1.79085, -2.18192, 0.0948262, 7.42102
-43.9513, -2.2581, -2.14905, 0.117469, 8.2405
-44.0227, -3.43427, -2.14627, 0.130892, 7.62574
-44.1987, -3.53814, -1.99237, 0.113282, 7.91194
-45.0924, -4.61017, -1.98752, 0.106764, 8.32638
-45.0553, -5.51565, -1.90164, 0.147836, 7.59388
-45.3801, -5.86398, -1.81093, 0.130181, 8.33804
-44.9466, -7.04625, -1.77375, 0.132944, 8.03522
-45.8634, -7.43626, -1.68555, 0.153812, 8.41432
-45.4888, -8.7875, -1.62616, 0.0870809, 8.45268
-45.3252, -9.39463, -1.55631, 0.113975, 7.84403
-45.7895, -10.0258, -1.4145, 0.102467, 8.03512
-45.2779, -10.1887, -1.39377, 0.141547, 7.74039
-45.804, -11.7434, -1.26875, 0.124061, 7.95589
-44.7061, -12.1531, -1.24121, 0.113499, 8.03793
-44.525, -12.4507, -1.16752, 0.111149, 8.2048
-44.1602, -13.6511, -1.06713, 0.110291, 8.06559
-44.0826, -14.2786, -1.01984, 0.0869419, 8.3526
-43.4847, -14.6504, -0.956196, 0.103453, 8.71729
-42.9092, -15.7455, -0.878032, 0.110791, 8.45341
-42.7008, -16.6556, -0.843969, 0.0764436, 8.19116
-42.5162, -17.1142, -0.752478, 0.131089, 8.16873
-41.1355, -17.5347, -0.762213, 0.0610416, 7.96339
-40.7529, -17.7748, -0.65355, 0.113881, 8.17416
-40.0017, -18.3585, -0.615259, 0.121216, 7.85024
-39.5069, -18.7487, -0.591719, 0.0785443, 8.75595
-38.9266, -19.6308, -0.511966, 0.133807, 8.12023
-37.9059, -19.4838, -0.496263, 0.133265, 8.39264
-37.7327, -20.588, -0.524919, 0.120633, 8.3546
-36.8118, -20.8278, -0.434458, 0.090686, 8.30268
-36.0913, -20.9978, -0.443772, 0.0383943, 8.52916
-35.8273, -21.0809, -0.407842, 0.0330099, 8.19238
-34.8562, -21.2937, -0.358247, 0.0987952, 8.77213
-34.0613, -21.8617, -0.377073, 0.0967207, 9.00131
-33.3535, -22.2051, -0.342667, 0.0253284, 8.88703
-32.6008, -22.4358, -0.305642, 0.040758, 9.00755
-31.85, -23.0108, -0.289631, 0.0471842, 8.20086
-30.5417, -22.936, -0.256725, 0.0964209, 8.72649
-29.6586, -23.0907, -0.200885, 0.0456427, 8.18088
-28.6437, -23.5304, -0.248745, 0.082204, 8.96696
-28.4422, -24.0048, -0.209657, 0.0517071, 8.60868
-27.0476, -24.3931, -0.169139, 0.0622022, 8.67545
-26.4615, -24.0727, -0.209071, 0.103985, 9.03528
-25.7346, -24.1902, -0.221273, 0.0952119, 8.96579
-25.1758, -24.5113, -0.123073, 0.0357445, 9.12274
-23.9092, -24.6403, -0.197953, 0.013737, 9.02292
-23.3665, -25.3777, -0.190776, 0.0104736, 8.34002
-22.3255, -25.0564, -0.16508, 0.0511483, 8.41257
-21.2964, -25.1407, -0.124131, 0.0512387, 8.51834
-20.4388, -25.4935, -0.162785, 0.0110374, 8.61776
-20.0087, -25.2595, -0.0868993, 0.0599801, 8.84975
-19.0773, -25.8981, -0.0537878, 0.0393811, 8.3882
-18.1045, -25.3533, -0.0926345, 0.0409478, 8.97062
-16.9919, -26.0321, -0.12217, 0.0886051, 8.72278
-15.9797, -26.1201, -0.0992029, 0.0728812, 9.16594
-15.1972, -26.4368, -0.0944369, 0.0259143, 9.10322
-13.9951, -25.9001, -0.0818219, 0.0773475, 8.79702
-13.6026, -25.6324, -0.0136708, 0.0185249, 9.11145
-12.5217, -26.3293, 0.0302617, 0.0239293, 8.685
-12.1253, -25.9947, 0.0313189, 0.103583, 8.90349
-11.031, -26.3, 0.061996, 0.0156898, 9.38829
-9.49449, -25.8937, 0.0138817, 0.0539888, 8.89826
-9.4281, -26.252, 0.00424248, 0.0129699, 8.79303
-7.75833, -25.7892, 0.0124547, 0.0111795, 8.99195
-7.35083, -26.1743, 0.0651491, 0.037583, 9.21886
-5.84652, -26.1993, 0.0217152, 0.0175751, 9.2611
-5.66011, -26.3977, 0.0633777, 0.0872699, 9.07477
-4.03723, -26.266, 0.0572858, 0.0518367, 9.52018
-3.94631, -25.5856, 0.0487591, 0.0943075, 9.14058
-3.10309, -26.001, 0.10831, 0.0356199, 9.58736
-1.96807, -25.8034, 0.133494, 0.0353239, 9.6673
-0.823007, -25.3207, 0.157293, 0.0146245, 9.17931
0.108149, -25.6615, 0.126077, 0.0711682, 9.68536
1.08439, -25.5811, 0.138694, 0.0933264, 9.64656
2.04333, -25.0571, 0.195949, 0.0869429, 9.82548
2.60517, -25.396, 0.195516, 0.068357, 9.02979
4.13896, -24.8096, 0.205699, 0.110246, 9.25623
4.40315, -25.2757, 0.238819, 0.0534049, 9.90102
5.40649, -24.7128, 0.221907, 0.0847326, 9.04448
6.99585, -24.6127, 0.327356, 0.0665141, 9.17987
7.41402, -24.5868, 0.279434, 0.117711, 9.05994
8.50868, -23.639, 0.320735, 0.0824917, 9.435
8.97736, -23.3525, 0.338615, 0.122299, 9.5632
9.87417, -23.8538, 0.41353, 0.0443478, 9.11459
11.3184, -22.7997, 0.441987, 0.104007, 9.66953
12.2296, -22.5156, 0.4308, 0.0750684, 9.36383
12.7132, -22.5445, 0.505275, 0.124518, 10.0173
13.3723, -21.7957, 0.571835, 0.0384793, 9.75048
14.9135, -21.085, 0.591424, 0.105552, 9.87442
15.5719, -21.1068, 0.589048, 0.0665013, 9.50244
16.2093, -20.7888, 0.635201, 0.0565314, 10.1065
16.9092, -20.0664, 0.663612, 0.0865306, 9.91916
17.8707, -19.6129, 0.64629, 0.117842, 9.50506
18.6695, -19.1072, 0.682044, 0.041621, 9.68664
19.5439, -18.0099, 0.731281, 0.130562, 10.1835
20.3265, -17.7897, 0.739179, 0.0540893, 10.0669
20.6405, -16.5256, 0.76094, 0.123755, 9.90463
22.1077, -16.0672, 0.812495, 0.0858001, 10.0075
22.1419, -15.9424, 0.854793, 0.0669897, 9.59232
23.3387, -15.0535, 0.895016, 0.117528, 9.58185
23.6576, -13.7357, 0.926801, 0.101847, 9.9609
24.2396, -12.8561, 1.0301, 0.142936, 9.40324
24.6309, -12.5384, 1.10017, 0.136353, 10.2771
24.9987, -11.4247, 1.09829, 0.120041, 10.318
26.1807, -10.3656, 1.21481, 0.121233, 10.2101
26.6373, -9.68925, 1.26463, 0.143182, 9.47748
27.043, -9.09063, 1.23029, 0.117021, 10.2297
27.0584, -7.73352, 1.34795, 0.0699452, 10.1254
27.1354, -6.79823, 1.38106, 0.157534, 10.1083
27.6153, -6.15446, 1.44514, 0.160475, 9.66037
28.0261, -5.55954, 1.54369, 0.13497, 9.97599
27.6988, -3.90418, 1.59757, 0.129339, 9.67019
28.0414, -3.29677, 1.70573, 0.149305, 10.2467
28.1114, -2.03667, 1.70261, 0.10287, 10.2
27.8871, -0.790828, 1.83843, 0.152417, 9.76146
28.053, -0.279454, 1.90778, 0.0839705, 10.169
27.5514, 0.433199, 1.98848, 0.153975, 10.5972
26.5439, 1.43701, 2.05544, 0.168124, 10.279
26.3988, 2.57109, 2.09429, 0.098846, 10.132
25.751, 3.18259, 2.17662, 0.115205, 10.3391
25.2055, 4.23544, 2.28303, 0.0924455, 10.3025
24.5655, 5.75871, 2.29853, 0.167604, 10.5744
24.7688, 6.4887, 2.43009, 0.116038, 10.486
23.5035, 6.43742, 2.41887, 0.117917, 10.0798
23.3469, 7.36859, 2.51233, 0.147747, 10.4707
22.1805, 8.17773, 2.59361, 0.0834811, 10.4919
21.1534, 8.4807, 2.65358, 0.122033, 10.1348
19.8999, 9.20254, 2.75175, 0.122276, 10.5458
19.0199, 10.0958, 2.83127, 0.150208, 10.8615
18.2594, 10.46, 2.86661, 0.0812865, 10.3465
17.8453, 10.518, 2.92816, 0.159346, 10.9124
16.9345, 10.26, 3.04718, 0.146347, 10.6639
15.66, 10.3586, 3.09327, 0.171081, 10.9159
14.6867, 10.9331, -3.03133, 0.125136, 10.5968
15.3543, 11.0111, -1.25264, -1.32493, 10.5776
16.0303, 10.9508, 1.84244, -1.56438, 10.8924
16.358, 11.0697, -2.68658, -1.14267, 11.0457
16.2903, 9.89094, -2.68976, -0.728083, 11.492
14.9263, 9.49807, -3.08672, -0.549496, 11.7945
14.3926, 9.70488, 2.16018, -0.577935, 11.7271
15.551, 10.248, -2.15545, -1.06197, 11.7861
14.6237, 9.9212, 1.07106, -1.07951, 12.0146
15.0321, 10.4431, 0.919381, -0.879962, 11.5365
16.074, 10.3841, -1.32231, -0.965265, 11.8456
15.028, 9.71743, 2.2254, -1.00324, 11.9838
14.862, 10.3632, 0.300313, -0.936727, 11.807
16.0502, 10.5377, -1.71219, -0.967276, 11.936
14.8402, 9.5462, 2.40623, -0.946612, 11.4211
14.3653, 10.7665, 0.724927, -0.972696, 11.8526
15.2478, 10.5154, -1.6428, -0.946925, 11.6847
14.5844, 9.9114, 2.78872, -0.909377, 11.4682
14.7916, 10.8437, 1.18841, -0.941014, 11.4491
13.6529, 11.5175, 1.26735, -0.567159, 12.272
15.2963, 11.9831, 0.354688, -0.569346, 11.4727
16.159, 11.81, -0.881337, -0.627355, 11.5337
16.0408, 11.1252, -2.16701, -0.729367, 12.1512
14.8586, 10.1856, 2.53121, -0.733077, 12.3352
14.451, 10.4235, 2.23439, -0.604639, 12.3272
15.1682, 11.6875, -0.350323, -0.838878, 11.6603
16.3593, 12.9349, 0.147636, -0.348242, 12.0785
17.2279, 12.334, -0.163465, -0.328047, 11.9681
18.6053, 12.5214, -0.570393, -0.257476, 12.3252
19.5363, 11.2659, -0.895668, -0.270187, 12.4141
19.7153, 10.7321, -1.28532, -0.189722, 11.9367
20.0515, 9.32401, -1.64616, -0.240042, 12.1696
19.3406, 8.45779, -1.96912, -0.24251, 12.0804
18.9023, 6.84004, -2.42884, -0.254169, 12.0758
17.3818, 6.67155, -2.87414, -0.195193, 11.9526
16.6558, 6.6663, 3.02683, -0.221936, 12.1045
15.5643, 5.57187, -3.05618, -0.0896833, 12.2428
14.0428, 6.05256, 3.03095, -0.116409, 12.5334
13.0432, 4.86238, -2.90227, -0.061938, 12.7475
12.2835, 4.54004, -2.98567, 0.0331277, 12.7834
10.5046, 5.00229, -3.02613, 0.0367933, 11.9384
9.52896, 4.4805, -3.03551, 0.0411263, 12.0059
8.57969, 4.8763, -3.02329, 0.082476, 12.7346
7.1888, 4.8621, -2.96194, 0.0374881, 12.8264
6.40274, 4.0674, -2.98977, 0.108246, 12.7503
4.51691, 3.75059, -2.91741, 0.0882342, 12.7796
3.62056, 3.64332, -2.81787, 0.0952296, 12.5806
2.2034, 3.2212, -2.8129, 0.051343, 12.623
0.955624, 3.42052, -2.72971, 0.0807161, 12.1863
0.0627155, 2.93611, -2.62991, 0.0663145, 12.3944
-0.861586, 1.72658, -2.6158, 0.11903, 12.1781
-1.46532, 1.74897, -2.5695, 0.0622084, 12.1046
-2.79426, 0.6128, -2.41424, 0.0842515, 12.3565
-3.85959, -0.0933326, -2.32919, 0.103671, 12.3079
-5.02547, -0.799485, -2.31094, 0.0651122, 12.0875
-5.30537, -2.1919, -2.22676, 0.0628954, 12.9594
-6.12925, -2.78445, -2.15348, 0.126972, 12.7102
-6.85315, -3.86712, -2.12339, 0.0711261, 12.9115
-7.69468, -5.13655, -2.008, 0.128124, 12.5688
-8.22148, -6.01444, -1.95398, 0.140362, 13.0448
-8.56682, -7.24424, -1.85036, 0.0948963, 12.2554
-8.5557, -8.22186, -1.80338, 0.103834, 12.6694
-9.24062, -9.37734, -1.70948, 0.0538858, 12.2369
-9.38608, -10.9022, -1.68322, 0.0595557, 13.0792
-9.35734, -11.4852, -1.58948, 0.133654, 13.1401
-9.5955, -13.3288, -1.50419, 0.0695553, 12.7809
-9.26768, -14.5475, -1.42583, 0.125318, 12.4901
-8.8991, -16.0474, -1.3542, 0.116721, 12.8401
-8.81992, -16.8499, -1.30113, 0.134564, 12.5824
-8.53726, -17.926, -1.18589, 0.13719, 13.1444
-7.83381, -19.5634, -1.18366, 0.0501789, 12.5942
-8.09393, -20.6088, -1.12121, 0.0998409, 12.6769
-7.10965, -21.9384, -1.05577, 0.0408681, 12.8798
-6.71755, -22.4217, -0.984658, 0.0524419, 12.4605
-5.78762, -23.9751, -0.95225, 0.118927, 12.6151
-4.87296, -25.4304, -0.893853, 0.0715682, 13.1366
-4.78217, -26.0969, -0.893945, 0.117905, 12.9658
-3.98608, -27.3036, -0.810311, 0.0536519, 13.366
-2.67949, -28.5513, -0.771025, 0.0719338, 12.5987
-1.8902, -28.6089, -0.784204, 0.10124, 13.2273
-1.57924, -30.3744, -0.668369, 0.0929403, 12.5848
-0.295109, -30.6502, -0.665625, 0.117756, 12.8195
1.18572, -31.9931, -0.577444, 0.0522601, 12.8423
2.16641, -32.7132, -0.505876, 0.0981911, 13.2372
3.48225, -33.6127, -0.511785, 0.11005, 13.1942
3.95885, -33.4491, -0.407513, 0.112984, 13.3997
5.1233, -33.9356, -0.322371, 0.0555957, 13.3889
6.46077, -34.4296, -0.313636, 0.100664, 13.4968
7.51459, -34.8219, -0.200798, 0.120668, 13.5882
8.85494, -35.2992, -0.128317, 0.113143, 12.7811
10.1319, -35.9092, -0.0697834, 0.134462, 13.3471
11.8695, -35.6318, -0.0149158, 0.129631, 12.9911
13.2664, -35.915, 0.0367401, 0.0900083, 13.4248
14.2635, -35.9268, 0.091656, 0.0963778, 12.9822
15.547, -35.826, 0.108825, 0.0947649, 12.9134
16.9947, -35.5947, 0.192273, 0.093148, 12.8821
18.228, -35.675, 0.231695, 0.120963, 13.6902
19.1726, -35.0253, 0.331037, 0.104482, 13.3832
20.8216, -35.0956, 0.424514, 0.074035, 13.7851
21.9398, -34.4406, 0.414038, 0.0925301, 13.7192
23.0812, -33.722, 0.496891, 0.0421793, 13.9503
25.1411, -33.5945, 0.48295, 0.114653, 13.2582
25.6221, -32.5054, 0.595254, 0.130305, 13.6932
27.5513, -31.8686, 0.641848, 0.134424, 13.6315
28.1337, -31.2371, 0.645444, 0.100309, 13.1082
29.0437, -30.7095, 0.76954, 0.0814865, 14.0155
30.6428, -29.7406, 0.835099, 0.0513843, 14.0706
30.9506, -28.9694, 0.849458, 0.117802, 13.5074
32.2231, -27.6762, 0.91398, 0.142691, 14.1132
32.8681, -26.5071, 1.01537, 0.109209, 13.2596
33.5778, -24.8597, 1.07306, 0.0998365, 14.0971
34.1748, -23.954, 1.18016, 0.0661122, 13.5233
35.222, -23.0493, 1.17517, 0.0898267, 13.6685
36.2618, -21.9604, 1.27999, 0.0606227, 13.5569
36.6176, -20.742, 1.29826, 0.0712527, 13.8302
36.8194, -19.4149, 1.39752, 0.0638989, 13.9315
37.0814, -17.8307, 1.4229, 0.0848135, 14.0653
37.2217, -16.1574, 1.51348, 0.137134, 13.4836
37.0535, -14.8539, 1.63222, 0.094168, 13.9333
37.7088, -13.3249, 1.67434, 0.102865, 13.6572
37.2846, -11.9934, 1.78055, 0.105657, 13.8209
37.4403, -10.5054, 1.82251, 0.1162, 14.2198
36.3822, -9.49745, 1.92572, 0.109766, 14.2805
36.6562, -7.97804, 1.97578, 0.0678637, 14.4526
35.3909, -6.89631, 2.06365, 0.0648154, 14.4281
35.7173, -5.6734, 2.19637, 0.0768147, 14.5128
34.3071, -4.10812, 2.2575, 0.0687145, 14.2162
34.1429, -2.64146, 2.27349, 0.143934, 14.232
32.4388, -1.49434, 2.3771, 0.124982, 14.036
32.125, -0.921462, 2.46007, 0.156912, 14.1455
30.6912, -0.246072, 2.60737, 0.127652, 14.2145
29.7869, 1.17856, 2.63473, 0.15965, 14.5757
28.6113, 1.96448, 2.84462, 0.127441, 14.6181
27.1759, 1.70026, 2.95343, 0.150077, 14.1103
25.5489, 2.26604, 3.08768, 0.153134, 14.1744
23.9063, 2.42038, -3.11908, 0.114052, 14.7612
24.0504, 5.3257, 1.55887, 2.88139, 13.8574
23.8854, 6.36395, 1.28671, 2.93338, 14.4193
25.2084, 8.03511, 0.77284, 2.85538, 14.4392
26.7113, 7.76585, 0.186172, 2.90169, 14.2018
27.8077, 7.89294, -0.345121, 2.8361, 14.8258
29.5489, 7.56251, -0.788626, 2.83929, 14.5396
30.1548, 6.70538, -1.15554, 2.95091, 14.7643
30.7391, 5.33999, -1.45878, 2.92229, 14.6234
30.2282, 3.32677, -1.74522, 2.99798, 14.7571
30.0347, 2.33396, -2.03206, 3.01065, 14.6261
29.1336, 1.3097, -2.34332, 2.98882, 14.4179
27.6687, 0.00111274, -2.62818, 3.0476, 14.5312
26.1958, 0.0196833, -2.7953, 3.02132, 14.7102
25.2822, -0.572937, -3.03111, 3.00476, 14.6729
23.7827, -0.54947, 2.99209, 3.02464, 14.313
22.3983, -1.12339, 3.1314, 3.09165, 14.3235
20.8764, -1.26946, -3.0777, 3.03995, 14.8821
19.3435, -1.6897, 3.11305, 3.07202, 14.2884
18.6698, -1.89827, -3.07616, 3.07928, 14.7264
16.8168, -2.80156, 3.13616, 3.0894, 14.7544
15.486, -3.3803, -3.0645, 3.13, 14.6164
14.079, -3.12032, 3.1994, 3.16087, 15.0818
12.6038, -4.11011, -2.94832, 3.16051, 14.7225
10.7713, -3.86933, -2.98396, 3.15146, 14.77
9.28733, -4.13304, -3.01446, 3.11341, 15.1491
7.76471, -4.64986, -3.03728, 3.11967, 14.9
7.17976, -4.67337, -3.12476, 3.1748, 15.2821
4.90705, -3.80532, -3.05134, 3.22458, 15.2331
3.5367, -4.46495, -3.00825, 3.23748, 14.6937
1.85191, -4.35236, -2.99022, 3.17386, 14.6455
1.25994, -5.1561, -2.9216, 3.25781, 15.0357
-0.487288, -4.72307, -2.83271, 3.23948, 14.876
-1.76677, -5.71153, -2.67285, 3.20878, 15.2407
-3.37291, -6.20997, -2.61985, 3.28859, 14.9567
-4.46483, -6.99672, -2.49583, 3.26966, 14.6331
-5.60468, -7.73919, -2.32804, 3.21552, 15.2581
-7.23688, -9.08354, -2.28674, 3.25285, 15.3626
-7.81397, -10.3231, -2.17184, 3.30263, 15.3813
-8.33821, -11.7205, -1.95225, 3.23081, 14.7396
-9.11269, -12.7313, -1.85507, 3.30561, 15.4563
-9.34813, -14.4308, -1.7008, 3.27499, 15.6157
-9.65299, -15.6634, -1.56506, 3.31585, 15.2505
-9.70719, -17.4127, -1.39462, 3.31383, 15.262
-9.50149, -19.1047, -1.21831, 3.23762, 14.8045
-9.15279, -20.4781, -1.0915, 3.29601, 15.0224
-7.77967, -21.6484, -1.01846, 3.30571, 14.8074
-7.65348, -23.042, -0.854455, 3.2928, 15.4569
-6.02436, -24.3547, -0.749837, 3.31172, 15.1557
-4.91575, -24.5897, -0.586594, 3.28784, 14.887
-3.70176, -25.7675, -0.489592, 3.23343, 14.9071
-2.35733, -26.7914, -0.401716, 3.24, 15.0284
-1.15366, -27.325, -0.35495, 3.27972, 14.9142
-0.158109, -28.2702, -0.246651, 3.26009, 15.5149
2.1623, -28.518, -0.22746, 3.21254, 15.1832
3.31513, -29.189, -0.123878, 3.19251, 15.7433
5.0023, -29.005, -0.160515, 3.21553, 15.6394
6.30095, -29.1205, -0.121446, 3.25099, 15.2415
7.56539, -29.1267, -0.0497308, 3.17417, 15.7485
9.68153, -29.111, -0.000211384, 3.25431, 15.9403
10.9653, -29.9596, 0.0432815, 3.20731, 15.8798
12.0745, -29.6783, 0.123331, 3.18968, 15.7641
13.8162, -29.9064, 0.13563, 3.17798, 15.5818
15.612, -29.6221, 0.199031, 3.23739, 15.5829
17.6747, -29.3036, 0.194476, 3.2459, 15.2143
18.3751, -28.2262, 0.346607, 3.19383, 15.2647
20.6986, -27.7869, 0.391675, 3.19539, 15.8645
21.8358, -28.0504, 0.391301, 3.2378, 15.6263
23.5453, -27.0572, 0.415635, 3.23434, 15.4766
24.6722, -26.5796, 0.540541, 3.22689, 16.1528
26.5288, -25.7568, 0.554248, 3.21925, 15.9689
27.7785, -25.2414, 0.637256, 3.22976, 15.9792
28.6911, -24.505, 0.722542, 3.19385, 15.5577
29.9731, -22.6975, 0.778195, 3.27145, 15.6799
31.1887, -22.0075, 0.786348, 3.27764, 16.358
32.1349, -20.7456, 0.895143, 3.21609, 15.5865
33.3315, -19.2254, 1.01447, 3.24094, 15.4386
34.7832, -18.6188, 1.055, 3.19947, 16.2366
35.2004, -16.6368, 1.14295, 3.24671, 15.6586
36.1481, -15.2442, 1.16737, 3.23929, 15.5322
37.1774, -14.2466, 1.29028, 3.24193, 15.9611
36.8543, -12.4885, 1.3573, 3.27881, 16.0521
37.8784, -10.5886, 1.51666, 3.29657, 16.3059
38.2489, -9.00613, 1.56482, 3.25678, 15.8783
37.6054, -7.59789, 1.74148, 3.21796, 16.1054
37.5038, -5.83896, 1.82118, 3.20904, 15.7691
37.8054, -4.58833, 1.83531, 3.289, 16.3217
36.9774, -2.88775, 1.927, 3.27014, 16.5997
36.2354, -1.12162, 2.08776, 3.25359, 16.3071
35.315, -0.301511, 2.21704, 3.26203, 15.9349
35.0498, 1.68018, 2.31409, 3.28258, 16.0281
34.1309, 2.80572, 2.46299, 3.28948, 16.714
32.7974, 3.74527, 2.5241, 3.3078, 16.5807
30.8066, 4.76089, 2.7272, 3.27729, 16.2817
30.0337, 5.46056, 2.8757, 3.30421, 16.4543
28.5267, 5.9541, 3.06651, 3.3018, 16.8488
26.5425, 5.97877, -3.03272, 3.30805, 16.5649
28.8171, 9.12348, 0.0234196, 5.75769, 15.983
30.4717, 8.53244, -0.784079, 5.75676, 16.6895
30.4758, 6.25298, -2.1891, 5.7189, 16.2478
28.6898, 6.61745, 2.33324, 5.67894, 16.6829
27.1445, 5.95802, 2.57284, 5.90146, 16.8442
25.5462, 4.46448, -3.11104, 6.18743, 16.7147
24.5381, 5.73834, 2.9188, 6.16083, 17.0026
22.5057, 6.07432, 2.46894, 6.11757, 16.425
21.0568, 6.75433, 2.72157, 6.35103, 16.0901
19.2686, 7.13606, 2.97246, 6.38401, 16.9242
17.8825, 7.29804, -3.12567, 6.4562, 16.2065
19.4728, 6.48935, -0.0359633, 7.52932, 16.6437
18.7224, 7.15789, -0.930375, 7.53991, 16.8069
18.8682, 7.04986, -1.35881, 7.62132, 17.1478
20.2042, 7.81059, 1.82178, 7.56185, 16.9092
20.6662, 8.25544, -1.63608, 4.97308, 16.2895
22.2515, 8.0574, -2.55434, 5.64497, 16.2676
22.1694, 7.9173, 0.545619, 4.61664, 16.5733
23.0735, 8.60392, -1.36343, 5.51337, 16.1772
23.7135, 9.59487, -0.573845, 5.80925, 16.7231
25.3089, 9.79139, -0.20663, 6.18522, 16.9128
25.2002, 8.30836, -2.05461, 5.81252, 16.2367
23.3293, 8.48601, 2.05086, 5.65228, 16.5985
22.6371, 6.12594, -2.82271, 6.13122, 16.0592
21.4544, 5.73106, -2.98518, 6.20415, 16.5965
19.1634, 5.54867, 3.07, 6.23404, 16.9643
18.6223, 5.48847, 3.0613, 6.22471, 16.0624
17.5924, 6.44062, 2.67335, 6.15655, 16.0422
15.383, 7.62083, 2.54813, 6.16348, 16.9756
14.3216, 8.22494, 2.20592, 6.17556, 16.9543
13.633, 10.4306, 2.01115, 6.24779, 16.5031
12.7959, 11.4899, 2.09963, 6.26692, 16.4303
11.4861, 13.0828, 2.23596, 6.33184, 17.0656
11.2524, 14.3453, 2.4628, 6.37541, 16.4322
9.92781, 14.9418, 2.70705, 6.4697, 16.8272
8.0314, 15.1091, 3.0542, 6.51119, 16.9221
6.53603, 15.4102, -2.88205, 6.55463, 16.2063
7.54334, 15.5989, 0.122648, 4.1691, 16.7191
4.21764, 17.6258, 2.25086, 2.94568, 16.6312
5.10115, 20.1035, 1.61583, 2.99299, 17.1675
5.24002, 22.1196, 1.27853, 3.02694, 17.2185
5.61248, 23.4562, 1.14791, 3.03813, 16.7369
4.99141, 25.0213, 1.8234, 3.25429, 17.2614
2.95347, 23.2984, -1.58792, 3.80087, 17.0269
2.85044, 22.4723, -1.09574, 3.6776, 16.6338
4.65801, 21.7938, 0.266829, 3.7688, 16.8468
3.95474, 24.2795, 2.56058, 3.95016, 16.7306
3.12554, 24.7078, -2.70014, 3.77388, 16.7227
3.80324, 23.8207, 3.17758, 4.26465, 17.3319
6.75705, 25.0554, 1.62234, 3.7186, 16.982
4.0732, 25.1865, -2.58533, 3.80971, 16.9998
4.17292, 23.9968, -1.07384, 3.81563, 16.9517
5.32798, 23.1273, 0.555252, 3.88341, 16.903
3.68797, 24.0734, -1.9636, 4.1143, 16.8863
5.4762, 23.7953, 1.83253, 4.57211, 17.0249
5.49982, 24.9337, 2.77317, 4.06075, 17.4526
5.54138, 23.9308, 2.80913, 4.33882, 17.4903
7.05898, 22.9042, 1.1129, 3.85384, 16.9359
5.85739, 22.507, -0.500602, 4.20791, 17.4493
6.35, 23.2103, -2.49571, 4.82814, 16.9808
7.63668, 19.5558, -1.1518, 5.79017, 16.2102
5.05608, 19.1475, -2.59563, 5.20206, 16.2797
5.1088, 18.162, -3.03084, 5.45754, 16.4514
4.96272, 17.2027, 3.11363, 5.77123, 15.7318
3.33348, 17.0029, 2.75012, 5.84933, 16.0868
1.79486, 15.4785, -2.95208, 6.20553, 16.375
1.04, 14.8118, 3.13091, 6.21528, 16.0017
1.48941, 12.6711, -1.05027, 6.7136, 15.8084
3.97607, 11.4675, 0.172831, 6.79638, 15.6495
4.76696, 12.7016, 1.28993, 6.83012, 15.589
4.88814, 14.2607, 2.43681, 6.87703, 16.2534
3.44223, 14.7209, -2.68053, 6.86262, 15.739
1.54452, 14.1322, -2.06194, 6.82007, 16.394
0.946868, 13.0895, -1.43081, 6.80137, 15.7556
2.89289, 11.8101, -0.335325, 6.83082, 16.4198
4.42773, 13.6254, 1.2695, 6.95917, 15.8314
3.46873, 14.2083, 3.13358, 7.0231, 15.6775
1.91136, 13.6914, -1.52404, 7.07878, 15.9933
2.73091, 12.6452, -0.0683693, 7.04251, 15.6516
3.37283, 13.1758, 1.72605, 7.10062, 16.2608
2.62997, 14.0044, -2.4208, 7.14854, 15.5847
2.91439, 13.0359, 0.566935, 7.29843, 16.4934
4.30022, 14.1669, 2.23038, 7.22629, 15.5781
2.38172, 13.1631, -1.54002, 7.20604, 16.2797
3.61893, 12.7589, 0.284629, 7.18312, 15.6436
3.32679, 14.4133, -2.76257, 7.34916, 15.8566
4.07977, 13.4872, 2.80114, 7.66728, 15.8817
3.27689, 13.5224, -1.51602, 7.55958, 16.0103
2.99242, 13.3082, -0.413205, 7.63279, 15.8165
3.59251, 13.1725, -2.8032, 7.68265, 15.7617
3.88609, 12.8818, 0.922907, 7.30349, 15.9239
3.26238, 13.081, 2.09364, 7.53419, 16.5438
3.80379, 11.9888, 0.911547, 7.18505, 16.4392
2.4373, 13.2171, 2.70161, 7.5264, 16.2064
3.50918, 11.0239, 0.687992, 7.05381, 15.7128
2.87971, 12.9345, -2.55758, 7.2228, 16.6881
2.38603, 11.3031, -0.961455, 7.11013, 15.7715
3.30528, 11.8288, 1.82998, 7.26836, 16.0677
2.46424, 12.8982, -2.14319, 7.2468, 16.4062
3.4868, 11.7346, 1.26726, 7.39023, 16.39
2.92911, 12.5589, -1.46854, 7.42119, 16.487
2.84746, 12.4544, -0.328406, 7.60197, 16.8114
2.96963, 12.6365, -0.841421, 7.73256, 16.6902
3.273, 12.8172, -1.46296, 7.80292, 16.576
3.21698, 12.3187, 1.68134, 7.7303, 16.4646
3.03061, 12.0917, 1.3357, 7.67129, 16.6996
3.43176, 12.1858, 1.83923, 7.96624, 16.539
2.54439, 13.2317, -0.919899, 7.88875, 16.0882
3.36899, 13.2912, -0.57279, 7.68486, 17.8527
2.80669, 13.3827, 0.220833, 7.7567, 18.0879
3.20393, 13.2295, 0.565735, 7.72563, 18.0669
3.44628, 13.6157, 3.01968, 7.82403, 18.8244
2.66323, 12.653, -2.59407, 8.40678, 18.2748
2.53034, 13.5254, 1.60645, 8.22838, 18.3258
3.23988, 13.2, -2.4632, 8.2789, 18.4472
3.32202, 13.8417, -1.21807, 8.7252, 18.2065
2.36423, 17.6897, 0.866751, 10.922, 18.053
3.0835, 16.874, 1.91825, 13.4928, 18.7907
2.81777, 16.5157, 2.99979, 13.7464, 18.1253
3.53412, 16.7823, 3.00248, 13.5087, 18.5176
3.9866, 16.4513, 2.26772, 13.7117, 18.5542
2.44388, 16.7837, -1.92911, 13.6232, 18.634
3.42089, 15.8882, 0.677502, 13.5453, 18.2641
2.87207, 16.7533, -2.04411, 13.6234, 18.024
3.35154, 16.0573, 1.57669, 13.6448, 18.5952
2.96393, 16.8697, -2.13082, 13.631, 18.314
2.95106, 16.0381, 0.669844, 13.6029, 18.4136
2.33874, 16.3005, -2.24469, 13.6493, 18.1066
3.58861, 16.1513, 1.74962, 13.7109, 18.8268
2.78643, 16.5748, -1.45361, 13.6539, 18.6013
3.18247, 16.7717, 2.06239, 13.6827, 18.7466
2.98151, 16.1453, -0.449446, 13.6422, 18.7561
3.90753, 16.5585, 2.28819, 13.8931, 18.5827
2.75631, 16.1902, -0.203519, 13.9574, 18.605
3.43968, 16.3594, 2.78728, 13.8119, 18.5546
3.72314, 16.8099, -1.22737, 14.2478, 18.2667
3.78297, 16.8747, -1.07095, 14.286, 18.2389
3.10558, 16.9467, 1.83515, 14.3095, 18.5602
3.00224, 17.1412, 0.240504, 14.2923, 18.8253
3.62008, 16.3093, -1.83751, 14.2928, 18.9548
2.86316, 17.0063, 1.30882, 14.4441, 18.1435
3.00875, 17.3584, -0.51917, 14.3832, 18.9347
3.1119, 16.7258, -2.46308, 14.4302, 18.7998
2.91067, 17.232, -1.63101, 14.3114, 18.8951
3.28694, 17.1272, 3.02549, 14.271, 18.9461
3.56446, 16.8975, -0.54327, 14.0065, 19.0115
3.33551, 17.3239, -2.00036, 13.9504, 18.8069
3.05712, 16.7354, 1.44187, 14.0603, 19.0719
3.66848, 17.5494, -2.21096, 14.1739, 18.5328
3.26434, 17.0068, 3.13776, 14.2048, 18.5367
2.36153, 16.5619, 2.00435, 14.6308, 18.9264
2.35177, 17.5441, 0.710463, 14.8255, 19.7126
3.90947, 17.9086, -0.799304, 14.9209, 19.1163
1.7663, 17.4296, 1.17891, 14.7822, 19.3313
3.36056, 17.3657, -1.95759, 14.7587, 19.5769
2.10443, 17.0011, 1.14263, 14.7304, 19.7654
3.23908, 17.1661, -1.48408, 14.7979, 19.7211
2.49452, 17.1943, 1.39513, 14.793, 19.5127
2.67517, 17.912, -0.75507, 14.8293, 19.1287
1.65241, 16.8131, 2.13852, 14.8031, 20.0229
2.3306, 17.6601, -0.133133, 14.8244, 19.2861
2.69021, 16.8077, 3.13521, 14.7815, 19.7549
2.05351, 18.491, 0.303771, 14.8145, 19.7199
1.86911, 17.2997, 3.05991, 13.8514, 19.9564
2.73916, 15.6101, 1.09278, 13.4413, 19.4826
2.33741, 17.0364, 3.15015, 13.4376, 19.8285
1.74962, 16.6215, 0.688509, 13.5698, 19.4938
1.9243, 16.7979, -2.94656, 13.8391, 20.0312
1.56752, 16.859, -0.852114, 13.8814, 20.2261
1.95014, 16.5897, 2.06374, 13.9076, 20.4478
1.7131, 17.8786, -2.47181, 13.8108, 20.2864
1.87556, 17.1285, 2.04997, 13.7562, 20.3667
1.77723, 18.0851, 2.70483, 13.8593, 19.8377
1.50118, 17.6324, -2.93902, 13.8158, 20.0263
1.58042, 17.4558, -2.56881, 13.9055, 19.9016
2.12361, 17.4283, 2.7271, 13.9901, 19.8816
2.25319, 16.8508, 2.89581, 14.1115, 19.823
1.70592, 17.2102, 2.47607, 14.0324, 20.0704
2.05905, 17.0604, -2.66374, 14.0722, 20.1612
1.1108, 17.3992, -2.03598, 14.2129, 20.663
1.24391, 16.9358, 0.0867901, 14.1502, 20.5731
0.936835, 15.7106, -2.56115, 14.3176, 21.6409
4.54193, 15.8998, 0.264352, 15.8975, 22.5262
7.01896, 14.2008, -0.559937, 15.6924, 22.8524
4.53124, 11.9549, -2.70005, 15.3678, 23.1408
4.35133, 14.1654, 0.348604, 15.0609, 22.4038
5.96649, 13.9029, -1.77619, 15.0414, 22.4186
3.93895, 13.4693, 2.01442, 15.0166, 23.0657
5.55989, 14.8126, -0.561849, 14.9634, 23.1171
4.28788, 12.6301, 2.44625, 14.874, 23.3115
6.03578, 12.9968, -2.39772, 14.797, 22.5327
5.09876, 12.4941, 2.9668, 14.988, 22.7919
4.22789, 12.7743, 1.93693, 15.1639, 23.1856
2.2592, 12.7977, 1.84476, 15.326, 22.6553
1.60219, 15.6737, 1.77639, 15.552, 22.7807
1.92751, 18.0891, 1.29431, 15.5866, 22.8579
3.09618, 19.6153, 0.663056, 15.5776, 22.9946
5.53614, 20.2006, 0.0820869, 15.5753, 23.0626
8.29244, 20.1183, -0.360991, 15.5925, 23.3503
10.0753, 19.6291, -0.459188, 15.6279, 23.4681
12.714, 18.4049, -0.366463, 15.7098, 23.3478
14.5357, 18.5441, -0.251913, 15.7982, 22.934
17.4246, 18.9795, 0.0951407, 15.7942, 23.4431
19.6464, 18.7347, 0.251373, 15.7692, 23.5402
22.3361, 19.8512, 0.365682, 15.8147, 23.589
24.5643, 20.3258, 0.491339, 15.8147, 23.5898
25.7878, 21.7305, 0.622188, 15.7687, 23.3587
27.9564, 22.3883, 0.628841, 15.7483, 23.1164
30.1928, 23.8003, 0.691204, 15.791, 23.7844
32.1376, 25.7433, 0.813924, 15.7923, 23.3045
33.7572, 27.8573, 0.947135, 15.7821, 23.7682
34.7454, 28.9442, 1.07781, 15.8417, 23.9072
36.191, 31.2599, 1.30818, 15.8566, 23.0265
36.2587, 33.5339, 1.58437, 15.8186, 23.5863
36.5077, 35.9995, 1.74212, 15.874, 23.264
36.1697, 38.2773, 2.00484, 15.8817, 23.7511
34.9978, 40.4543, 2.36641, 15.8847, 23.1433
33.0124, 41.6049, 2.63532, 15.8734, 23.3052
31.0191, 42.799, 3.0189, 15.904, 23.3914
28.0397, 43.4982, -2.86699, 15.8765, 23.8796
30.2638, 43.6585, 1.39327, 17.5963, 23.8915
31.1253, 43.6256, 2.02486, 17.5618, 23.6318
31.0357, 43.71, -1.12983, 17.6708, 23.5439
30.5581, 45.0105, -0.980202, 17.0427, 23.9542
32.078, 43.4069, 0.606535, 20.5891, 23.2845
32.4648, 44.6613, -0.490626, 21.2606, 23.3977
31.3055, 44.0264, -0.0619222, 21.078, 23.9222
31.1316, 43.816, -3.02204, 21.1284, 23.1519
31.5579, 44.8083, 0.110105, 21.085, 23.5742
31.8734, 44.3355, -2.08874, 21.2463, 23.778
30.579, 44.4644, 0.523092, 21.1358, 23.8502
31.5339, 44.1592, -2.57714, 21.1583, 23.895
31.1552, 45.1673, 0.451435, 21.1018, 23.4081
31.9988, 43.7357, -2.23753, 21.1765, 23.5858
30.6953, 45.4279, 0.204744, 21.1601, 23.2878
30.9647, 43.8688, -2.81846, 21.1411, 23.382
30.6378, 44.8659, 0.211117, 21.1253, 24.0974
31.5983, 44.6645, -2.57807, 21.1484, 23.3069
30.6135, 45.6333, -0.177965, 21.1072, 23.6792
30.7573, 44.0787, 2.5016, 21.0829, 24.1552
31.618, 44.4111, -2.24969, 21.0348, 23.3574
30.8259, 44.9372, 1.92309, 21.1964, 23.6759
30.1336, 46.0713, 0.425702, 21.306, 23.6185
32.0939, 47.0168, -0.0550036, 21.5735, 24.0842
33.454, 45.5719, -1.61541, 21.5326, 24.0818
31.1952, 44.9438, 2.40838, 21.4781, 23.5608
29.0974, 42.549, 3.13074, 21.7581, 24.1757
30.4833, 38.4853, -1.51364, 22.0824, 23.4228
31.758, 35.8923, -1.09964, 22.1774, 24.2226
33.1181, 34.2214, -0.680584, 22.1951, 23.6391
35.7524, 33.1538, -0.383324, 22.1863, 24.395
37.7149, 32.59, -0.118499, 22.1, 23.7262
40.3532, 31.6692, 0.055655, 22.1353, 24.2336
42.9489, 32.4955, 0.213602, 22.0481, 24.3898
45.0516, 32.4795, 0.145837, 22.0532, 23.7198
47.1128, 32.4302, 0.232332, 22.0066, 24.0158
50.3812, 32.4908, 0.166526, 21.9934, 23.9693
52.0576, 32.6218, 0.0725279, 22.0661, 23.7027
55.1769, 33.3379, 0.254866, 22.0973, 24.5841
57.5051, 34.7419, 0.523146, 22.0562, 24.396
58.9454, 35.4857, 0.627729, 22.0694, 24.4506
61.3127, 37.1805, 0.743518, 22.1104, 23.9933
62.4771, 39.165, 0.964111, 22.1451, 24.1017
63.874, 40.9616, 1.23567, 22.1471, 24.2024
64.1939, 43.7524, 1.52527, 22.1813, 24.4455
64.0932, 46.0709, 1.85885, 22.1195, 24.7774
63.7756, 47.9786, 2.16139, 22.1437, 24.4991
62.2912, 50.3925, 2.36768, 22.1076, 24.299
61.0444, 51.6804, 2.59189, 22.1524, 24.2332
57.9287, 52.7988, 2.85486, 22.1892, 23.9416
56.0951, 53.4602, -3.05651, 22.1271, 24.2034
58.7179, 53.8687, 1.25434, 23.8353, 24.1309
58.1721, 53.2116, 1.55896, 23.8967, 24.0533
58.213, 53.175, 3.09453, 24.2126, 24.5763
53.2741, 54.5556, -2.29173, 25.6055, 25.0453
61.5054, 58.1107, 0.758011, 22.1523, 24.104
57.7349, 58.7328, -2.33554, 22.5619, 24.4358
59.5048, 58.11, 2.14109, 21.1645, 24.2627
58.6173, 57.7211, 1.87415, 21.4245, 24.4216
59.8758, 59.5128, 0.0249044, 21.4248, 24.5397
59.7558, 56.7092, -3.00419, 21.2635, 24.7061
59.2767, 58.7666, 0.11214, 21.2881, 24.59
58.0191, 62.15, 1.44778, 21.8113, 24.9082
60.4063, 63.9647, 0.551725, 21.8327, 24.4134
62.9208, 63.4842, -0.540401, 21.7445, 24.9154
64.432, 61.2245, -1.32642, 21.7928, 24.6407
64.122, 59.0288, -1.7748, 21.8188, 24.7782
63.643, 56.7318, -2.19948, 21.8371, 24.4666
61.6124, 54.4896, -2.49062, 21.8813, 24.6318
59.5119, 53.0271, -2.7398, 21.9263, 24.7482
57.9087, 52.6574, -2.8762, 21.9656, 24.3901
55.7577, 52.1882, -2.87771, 21.9966, 24.6367
52.4212, 51.5795, -2.82391, 21.9867, 24.7837
50.6002, 50.4438, -2.74007, 22.0074, 24.5051
48.0752, 49.8788, -2.70062, 22.0866, 24.7045
45.9783, 48.0669, -2.3749, 22.1137, 24.9729
44.4911, 46.39, -2.10568, 22.086, 24.3432
43.7162, 43.7812, -1.94438, 22.1204, 24.5
42.5446, 41.6108, -1.63068, 22.1266, 24.5109
43.584, 38.9015, -1.31498, 22.1135, 24.5622
44.2364, 36.7771, -1.04372, 22.0857, 24.8778
45.1397, 34.616, -0.93215, 22.1499, 24.9667
47.1804, 33.0914, -0.56364, 22.1215, 24.5119
49.0798, 31.253, -0.321478, 22.1498, 25.1154
52.3015, 30.7355, 0.00632893, 22.1716, 24.3891
54.1446, 31.3718, 0.349324, 22.1444, 25.2651
56.4757, 32.7781, 0.670867, 22.1129, 25.1805
58.7499, 34.0866, 0.881374, 22.1349, 25.3865
60.1646, 36.6522, 1.16465, 22.0988, 25.3907
60.6399, 38.9004, 1.27765, 22.1238, 25.1472
62.005, 40.6257, 1.50564, 22.1015, 24.9037
62.2609, 43.6945, 1.62804, 22.0977, 25.4355
62.1323, 45.7959, 1.72293, 22.0903, 24.9878
61.3616, 48.2374, 1.87057, 22.111, 25.259
60.2479, 50.568, 2.02303, 22.1394, 25.0169
59.4719, 53.1743, 2.33774, 22.1441, 24.9845
56.9472, 55.2745, 2.55675, 22.1454, 25.5201
54.6228, 56.6898, 2.81799, 22.0852, 25.1428
52.8611, 57.7295, 2.89015, 22.0715, 25.538
50.5531, 58.0674, 2.99725, 22.0846, 25.5414
48.0686, 58.4434, 3.17254, 22.1021, 25.2196
